"city","population","total_billed_gallons","US_census_region","Climate_region","Annual.precipitation","Annual.max.temperature","Annual.vapor.pressure.deficit","Family.income.2010","GDP.per.capita.2016","Total.housing.units","Percent.single.family.houses","Percent.medium.density.houses","Percent.high.density.houses","Percent.housing.units.built.1990.or.later","Percent.housing.units.built.between.1950.1989","Percent.housing.units.built.before.1950","Percent.housing.units.built.earlier.to.1990","Median.rooms","Percent.impervious.area","Area.open.NLCD","Area.low.development.NLCD","Area.medium.development.NLCD","Area.high.development.NLCD","Service.area.sq.meters","Pop.density","Water.percap"
"Abilene, Texas",124950,486177333.333333,"South","Temperate",52.2,24.875,22.875,51012,37553,48739,69.1,22.9,4.5,21.9,63.3,14.7,78,5.3,16.4,13874.8,10720.6,6208.8,3755.7,290335000,0.000430364923278282,3890.97505668934
"Aiken, South Carolina",30571,210369265.333333,"South","Temperate",100.9916667,24.19166667,19.53333333,75212,52750,14679,70.2,24.8,3.4,44.8,49.6,7.1,56.7,6,9,7626.2,6274.4,1805.4,573.7,194774000,0.000156956267263598,6881.33411839107
"Alamogordo, New Mexico",31283,102981484.065,"West","Arid",25.575,24.25833333,26.525,49297,57892,14938,69,13.4,0.7,31.2,69.3,4.5,73.8,5.4,14.4,1792,3050.2,965,208.4,56002000,0.000558605049819649,3291.93121072148
"Albuquerque, New Mexico",670779,2354215930,"West","Arid",20.19166667,22.05,24.85,59191,42723,243402,62.5,24,9.5,34.1,57.6,7.2,64.8,5.3,26.9,11553.2,32002.9,24592.5,5344.4,489188000,0.00137120902393354,3509.67446804387
"Altoona, Pennsylvania",52274,179420619.333333,"Northeast","Continental",80.8,15.16666667,10.66666667,48750,37482,20813,72.3,22,5,5.4,37.1,58.7,95.8,6.1,18.9,4855.7,6346.8,3384.4,1673.1,131990000,0.00039604515493598,3432.31088750303
"Amarillo, Texas",214338,2892715250,"South","Arid",41.40833333,21.51666667,21.175,55067,45788,83785,71.7,17.6,6.8,23.2,62.3,14.9,77.2,5.1,25.2,7145.7,19825.2,7535.3,4717.4,266556000,0.00080410120199883,13496.0447984025
"Annapolis, Maryland",39420,89942250,"South","Temperate",97.575,18.08333333,12.55833333,88646,58970,17358,37.1,50.6,12.4,23.7,55.4,19.9,75.3,5.3,32.4,780.5,1572.5,1125.2,393.7,20991700,0.00187788506886055,2281.6400304414
"Arlington, Texas",370759,1386505416.66667,"South","Temperate",82.51666667,24.65,20.425,61068,63660,147407,60.1,29.6,9,31.7,65.3,1.7,67,5.2,34.8,12585.8,18430.1,13634.6,6999.2,257718000,0.00143862283581279,3739.64062009733
"Asheville, North Carolina",125000,455927193.333333,"South","Temperate",79.59166667,19.30833333,13.31666667,53439,36925,43856,54.6,31.3,10,29.9,44.3,26.2,70.5,5,9.8,36381.8,12329.8,5598.9,2036.7,472590000,0.000264499883620051,3647.41754666667
"Auburn, Maine",17220,79988583.3333333,"Northeast","Continental",97.875,12.85,9.55,56656,33300,10857,52.4,36.3,9.4,12.5,37.6,49.3,86.9,5.3,26.6,2097.3,1885.5,1387.7,852.8,37249400,0.000462289325465645,4645.09775454897
"Augusta, Maine",18537,53210833.3333333,"Northeast","Continental",94.21666667,12.78333333,9.241666667,51941,41017,9836,50.9,37.6,7.3,11.6,49,37.3,86.3,5,17.3,2192.3,2009.5,1558.7,826.2,60108600,0.000308391810822411,2870.52022081962
"Aurora, Colorado",355441,1179312894.16667,"West","Continental",38.16666667,17.86666667,17.75,58094,62947,132931,50.9,33.9,13.4,30,67.3,2,69.3,5.4,18.8,10323.9,15968.9,13012.6,4532.1,399393000,0.000889953003683089,3317.88649639931
"Austin, Texas",1006601,3309745618.08333,"South","Temperate",72.775,26.39166667,22.125,63997,61308,393616,46.9,30.4,21.3,41.7,50.9,5.6,56.5,4.5,15.4,53956,36432,34782.1,17889,1418780000,0.000709483499908372,3288.04125774099
"Bangor, Maine",32333,99371862.3333333,"Northeast","Continental",87.15833333,12.33333333,9.1,56955,34340,15709,42.5,43.6,8.6,14.4,41.4,42.3,83.7,5,21.7,2811,2841.9,3002.8,1893.3,89599600,0.000360860985986545,3073.38825142527
"Baytown, Texas",75310,292433500,"South","Temperate",121.0833333,25.8,16.14166667,54843,57137,29356,60.7,25.4,8.3,30,55.9,12.9,68.8,5.1,28,4731.67,4931.33,4335.91,2058.23,96827100,0.000777778122034017,3883.0633382021
"Belgrade, Montana",8254,35402083.3333333,"West","Continental",29.66666667,14.1,13.84166667,51943,42615,3238,49.3,40.3,3.2,53.2,38.5,5,43.5,5.4,25.5,273,559.3,596.6,43,9860680,0.000837061947046248,4289.08206122284
"Bend, Oregon",61790,367726317.041667,"West","Arid",24.06666667,15.64166667,14.4,64128,46604,38970,68.6,21,5.4,60.2,33.5,5.5,39,5.3,22.9,3782.9,6136.9,1799.7,344.1,68356200,0.000903941412776017,5951.22701151751
"Blacksburg, Virginia",35669,76592925,"South","Continental",85.10833333,17.69166667,12.03333333,81098,33393,15472,32.5,59,6.3,33.3,53.8,6.4,60.2,5.1,21.5,1943.2,2854.9,1775.2,471.9,51041400,0.000698824875493227,2147.3247077294
"Bloomington, Indiana",120984,334549166.666667,"Midwest","Continental",101.75,17.43333333,11.64166667,55466,58933,33766,35.1,47.9,13.6,37.9,49.7,10.9,60.6,4.6,13.8,5831.7,4752.9,2712.6,902.5,133977000,0.00090302066772655,2765.23479688774
"Bloomington, Minnesota",87224,288587445.216667,"Midwest","Continental",70.10833333,12.81666667,10.34166667,76601,58933,37654,57.7,16.5,25.3,12.1,81.3,6.5,87.8,6,31.6,4603,6466.4,4527.7,2511.6,99473900,0.000876853124286873,3308.57843273258
"Boston, Massachusetts",1180000,1780827159.08333,"Northeast","Continental",101.1083333,15,9.85,58600,76831,285660,12.3,63.5,24.2,12.6,29.5,57.1,86.6,4.3,59.4,1689,3866.9,11795.6,10587,129923000,0.00908230259461373,1509.1755585452
"Boulder City, Nevada",21631,318537083.333333,"West","Arid",10.525,27.275,35.73333333,79089,57892,7603,62.6,20,2,27.9,58,12.2,70.2,5.3,1.7,1536.4,2070.6,1438.6,169.2,539483000,4.00957954189474e-05,14725.9527221734
"Bowie, Maryland",21703,39884611.1108333,"South","Temperate",94.69166667,18.775,13.85,114827,58970,21330,70.9,24.3,4.8,38.5,60.9,1.5,62.4,7.3,22.5,799.1,1362.2,115.8,50.7,11319600,0.00191729389731086,1837.74644569107
"Bozeman, Montana",44921,155020390.721667,"West","Continental",40.775,13.93333333,13.45833333,59683,42615,19972,40.3,49.7,6.5,50.5,35.3,11.8,47.1,4.9,17.1,4064.6,3663.8,1900.6,328.4,72321900,0.000621125827723,3450.95591642365
"Brownsville, Texas",183823,541788666.666667,"South","Temperate",57.03333333,28.56666667,20.19166667,31760,20971,56316,69.1,20,6,47.9,44.6,5,49.6,5,13.5,6698.6,10031.6,9585.9,2835.5,378348000,0.000485856935942571,2947.33883500251
"Casper, Wyoming",55000,289023370.083333,"West","Continental",29.15833333,15.3,16.44166667,62721,63008,26238,67.9,18.9,8.5,20.3,62.6,15.5,78.1,5.9,26.1,2643.9,3842,3831.7,591.9,69406600,0.00079243184365752,5254.97036515151
"Charlotte, North Carolina",954644,2756114265.08333,"South","Temperate",93.44166667,21.84166667,16.2,63272,57209,343222,56.2,29.8,12.7,49,44.7,5.9,50.6,5.4,25.7,69376.1,55235.7,24087.6,13266,798209000,0.00119598250583494,2887.05974696676
"Chillicothe, Missouri",9515,38606245,"Midwest","Continental",85.16666667,17.5,12.475,46389,44837,3954,73.5,18.6,3,15.1,56.8,27.2,84,5.6,21.8,893.4,1400.1,498.5,233.6,19805100,0.000480431807968655,4057.40882816605
"Clovis, California",111927,510382250,"West","Arid",27.95833333,25.18333333,24.41666667,75918,63635,37217,73.2,19.9,4.6,52.4,45.5,2.2,47.7,5.7,42.1,1691.2,2138.9,6977.2,1508.2,65151400,0.00171795233870646,4559.95648949762
"Dallas, Texas",1322140,4665627601.08333,"South","Temperate",81.56666667,24.65,20.425,45162,63660,552711,43.9,32.6,22.4,24.2,63.3,11.2,74.5,4.5,29.9,46840.8,52871.4,36487.6,32099.7,997252000,0.00132578325237753,3528.84535758946
"Dalton, Georgia",104698,544632391.666667,"South","Temperate",114.9166667,21.75,15.325,45855,40569,12862,45,46.9,7,33.6,56.9,6.9,63.8,4.8,32.1,3155.9,3272.8,2167.7,1586.4,52595400,0.00199063035930899,5201.93692015766
"Des Moines, Iowa",499654,1279129154.83333,"Midwest","Continental",71.66666667,15.46666667,11.40833333,54540,75076,91420,64.9,17.5,15.4,16.1,46.4,36.8,83.2,5.1,23.8,11152.9,16984.8,6525.7,3495.5,234996000,0.00212622342507958,2560.02985032309
"Dickinson, North Dakota",22709,73447600,"Midwest","Continental",34.95,12.75833333,11.96666667,63807,67601,10504,54.6,23.4,15.4,29.9,50.5,10,60.5,5.5,13.6,1727.4,2207.8,1513.4,310.7,63533100,0.000357435730351581,3234.29477299749
"Durham, North Carolina",268612,658975515.385714,"South","Temperate",98.56666667,21.46666667,15.8,59324,66714,113566,53.1,36.6,9.5,45.4,43.4,10.8,54.2,5.2,13.8,33785.2,16386.2,9094.1,2631.3,453968000,0.000591698093257675,2453.26163903963
"El Paso, Texas",798591,2915455929.66667,"South","Arid",20.56666667,25.8,29.13333333,42156,30009,245993,67.2,23.9,6.1,35.6,54.5,8.8,63.3,5.3,26.1,13930.2,33025.9,30704.3,12335.4,668795000,0.00119407441742238,3650.74979516006
"Enid, Oklahoma",50785,273549250,"South","Temperate",71.03333333,21.45833333,18.275,47213,51918,21801,79,14.2,3.5,12.5,63,23.8,86.8,5.4,12.7,5833.5,5760.8,3336.7,1644.6,191755000,0.000264843159239655,5386.41823373043
"Farmington, New Mexico",41630,293468309.166667,"West","Arid",18.80833333,19.75833333,21.51666667,60929,46654,17720,61.6,17.6,1.9,32.2,67.6,2.9,70.5,5.4,20.2,1998.3,3194.9,3860.1,794.7,90516700,0.000459915131682883,7049.44292977821
"Flagstaff, Arizona",71656,202484813.225,"West","Continental",44.73333333,16.96666667,16.13333333,64414,35395,27056,46.5,40.1,7.3,46.8,49.7,4.7,54.4,5,23.6,2877,2916.1,4071.9,1481.4,88591100,0.000808839714147358,2825.79006956849
"Fort Smith, Arkansas",126758,635073519.425,"South","Temperate",99.45833333,22.50833333,17.43333333,45171,31654,39602,65.1,28.2,6,23.1,61.1,15.9,77,5.2,17.6,8714.7,11155.1,5306.1,2489.7,231262000,0.000548114260016777,5010.12574689566
"Fort Worth, Texas",855504,2858553427.58333,"South","Temperate",76.79166667,24.78333333,20.86666667,56581,63660,312120,67.4,21.5,9.6,42.8,43.4,11.9,55.3,5.2,23.5,69870.5,92601,59505.2,31587.2,1782060000,0.000480064644288071,3341.36769387792
"Gainesville, Florida",128610,587911666.666667,"South","Temperate",108.4833333,26.78333333,18.625,50495,38551,59042,39,42.6,15.7,30.6,62.5,5.6,68.1,4.7,10.8,18276.3,10316.9,4237,854.2,306675000,0.000419369038884813,4571.27491382215
"Garland, Texas",235885,774479366.666667,"South","Temperate",83.48333333,24.35,19.76666667,57856,57137,80202,71.5,22.5,5.8,20.8,76.3,2.2,78.5,5.5,40,5348.1,12219.5,8974.4,4673.6,147381000,0.0016005115991885,3283.29214094439
"Grand Forks, North Dakota",56834,200211416.666667,"Midwest","Continental",45.7,10.35833333,9.158333333,65363,48153,26223,38,31.6,27.9,28.9,50.9,16.2,67.1,4.9,27.5,2697.1,4465.9,2816.1,1347.2,70749900,0.000803308555913153,3522.74020246097
"Grand Island, Nebraska",50895,342183383.666667,"Midwest","Continental",57.76666667,16.675,13.63333333,51649,44305,20266,65,26.1,5,23.1,51.4,23.3,74.7,5.4,33,2360.8,3756.9,4887.7,1874.3,77556600,0.000656230417527328,6723.32024101909
"Green River, Wyoming",12800,62154805.0583333,"West","Arid",17.99166667,14.425,15.79166667,80578,65239,4913,69.2,15.1,1.8,17.4,68.9,10.2,79.1,6.2,41,238.9,700.3,929.2,126.3,9468370,0.00135186943476015,4855.84414518229
"Greensboro, North Carolina",287027,891605341,"South","Temperate",91.86666667,20.7,15.08333333,54813,46353,129162,54.2,37.2,7.3,36.5,55.1,9.1,64.2,5.2,17.4,34621.2,28874,14790.6,7552.3,658336000,0.000435988613717008,3106.34658411926
"Havre, Montana",9772,42808333.3333333,"West","Arid",26.825,13.89166667,14.04166667,58705,42615,4416,66,21,3.8,7.1,61.4,33.7,95.1,5.4,30.3,327.9,903.4,431,98.3,9607560,0.00101711568806232,4380.71360349297
"Hereford, Texas",15299,127890916.666667,"South","Arid",41.725,21.94166667,22.03333333,46975,57137,5496,77.2,15.7,1.9,11.6,70.7,17.9,88.6,5.1,30.3,880.2,1597.9,515.7,267.4,15896100,0.00096243732739477,8359.42981022725
"International Falls, Minnesota",6226,13629351.9166667,"Midwest","Continental",58.20833333,9.108333333,8.05,53848,57445,3085,67.2,18.1,6.1,14.5,56.3,27.3,83.6,5.1,39.8,90.4,558.6,1186.3,703.9,16614400,0.000374735169491525,2189.1024601135
"Iowa City, Iowa",74398,166094556.891667,"Midwest","Continental",77.925,15.36666667,11.38333333,71794,52660,31669,42.5,44.6,10.8,32.8,48.6,16.5,65.1,5,25.3,3867.6,4262.5,2326.3,1107.8,67744900,0.00109820813079656,2232.51373547228
"Jonesboro, Arkansas",94413,425417313,"South","Temperate",103.875,21.28333333,15.09166667,55445,34419,31264,66.1,25.7,4.6,51,43,5.4,48.4,5.3,11.7,10879.6,5577.2,3424.1,1404.3,209294000,0.00045110227717947,4505.91881414636
"Kansas City, Missouri",482118,2094072355.41667,"Midwest","Continental",88.43333333,18.6,13.76666667,55835,53652,229508,63,24.1,12,21.9,49.1,28.2,77.3,5.5,21.5,36640.5,45209.9,23075.9,12508.1,826021000,0.00058366312720863,4343.48511239295
"Kearney, Nebraska",33039,192874416.666667,"Midwest","Continental",52.78333333,16.90833333,14.15,59462,57892,13615,58.7,30,5.2,34,52.9,14.8,67.7,5.7,31.9,1439.6,3025.7,2061.1,605.9,38820800,0.000851064377859292,5837.7800982677
"Kenner, Louisiana",436523,1255296750,"South","Temperate",133.5583333,25.46666667,15.925,58521,48753,28205,57,30,11.6,15,80.5,3.5,84,5.4,14.4,3147.2,15769.6,6102.7,4080.1,382867000,0.00114014266050613,2875.67149955443
"Kennewick, Washington",81355,328917000.008333,"West","Arid",16.00833333,18.575,16.89166667,59435,41224,29997,59.5,26.6,7.1,34.6,59.9,5.9,65.8,5.5,25.1,5908.2,11074.8,10164.4,906.6,186820000,0.000435472647468151,4042.98445096593
"La Crosse, Wisconsin",52000,252210634.391667,"Midwest","Continental",72.60833333,13.10833333,9.616666667,55881,46585,22405,50,32.8,15.6,16.7,45.7,35.1,80.8,5.2,31.6,1337.6,2815.9,3732.3,1494.1,61680300,0.000843056859321372,4850.20450753205
"Lafayette, Louisiana",127429,629723250,"South","Temperate",133.3666667,25.45,16.55,58599,39052,55440,62.1,26.1,9.3,30.2,64.5,7.8,72.3,5.1,16.2,10605.3,19754.6,4673.1,2611.6,326841000,0.000389880706520908,4941.75776314654
"Lancaster, California",178875,953049598.958333,"West","Arid",14.375,24.79166667,28.65,56082,45846,53330,70.8,15.5,6.7,35.2,65,1.7,66.7,6.2,13.7,7553.4,5314.7,8613,776.4,244914000,0.000730358411524045,5328.02011996273
"Lansing, Michigan",114773,557171424.333333,"Midwest","Continental",71.66666667,14.075,9.916666667,45447,40957,55199,63.4,28.1,7.5,8.6,55.9,34.1,90,5.2,28.3,10835.3,13743.7,8585.2,3907.3,207385000,0.000553429611591967,4854.5513695149
"Laredo, Texas",255789,901690833.333333,"South","Arid",42.54166667,29.78333333,29.71666667,39144,25771,74932,65.1,18.7,6.5,55,39.4,6.2,45.6,5.1,27.5,6931.3,7938.9,14708.7,6318.8,273357000,0.000935732393902479,3525.13530031914
"Las Vegas, Nevada",2136209,12810440600,"West","Arid",9.466666667,26.36666667,33.36666667,62355,43361,252912,61.1,28.8,8.8,60.2,39,1.7,40.7,5.2,31.6,18037.9,36391.2,63572.8,27770.9,1035670000,0.00206263481610938,5996.81051807197
"Long Beach, California",479756,1276238613.5,"West","Arid",24.29166667,23.31666667,17.1,57733,66059,173741,40.4,41,17.2,7.5,57.9,33.5,91.4,4.2,61.1,2075.4,4606.6,16889.8,8970.4,137452000,0.00349035299595495,2660.18270433304
"Los Angeles, California",3981116,12778563378.5,"West","Arid",28.025,21.225,13.13333333,53312,66059,1457762,38.6,33,27.8,12.9,55.7,30.8,86.5,4.1,41.3,38346.6,62775.9,109807,40690.6,1302050000,0.00305757536192927,3209.79428343711
"Louisville/Jefferson County metro government (balance), Kentucky",1e+06,2789366166.66667,"South","Continental",101.3666667,19.525,14.01666667,55773,50384,274295,64.2,27.5,6.8,24.8,49.1,24.9,74,5.3,14,54654.3,51129.1,28500.1,17187.6,1593120000,0.000627699106156473,2789.36616666667
"Lubbock, Texas",247095,1012465166.66667,"South","Arid",40.275,23.425,23.59166667,54054,37726,103102,65.5,22.8,10,31.2,61,7,68,5.1,21.7,10648.4,21711.4,9113.7,4440.1,341033000,0.000724548650717086,4097.47330648806
"Madison, Wisconsin",252107,685495305.25,"Midwest","Continental",78.25,13.83333333,9.891666667,75739,66153,112681,42.6,33.8,23,30.5,48.5,18.4,66.9,4.9,24.1,8058,15218.8,8719.2,3442.9,243996000,0.00103324234823522,2719.06494167159
"Manchester, New Hampshire",159000,471497171.333333,"Northeast","Continental",90.69166667,14.54166667,10.9,64144,60640,49429,36.9,46.2,16.5,13.3,44.9,39.4,84.3,4.9,31.7,4947.1,7093.5,9809.8,3849.7,162010000,0.000981420899944448,2965.39101467505
"Marietta, Georgia",60077,204429416.666667,"South","Temperate",105.425,21.54166667,15.13333333,54843,48029,26322,39.8,43.1,16.3,30.3,58.5,9.1,67.6,5,31.3,4381.5,4030.3,2421.5,1635.7,61267800,0.000980564015681973,3402.79003057188
"Memphis, Tennessee",776774,3029928337.33333,"South","Temperate",114.125,21.94166667,15.81666667,42578,45969,298310,60.6,31.4,7,17.1,63.8,17.5,81.3,5.2,27.5,47967.6,44726.8,34434.6,18638.6,845184000,0.000919059045131001,3900.6562234747
"Milwaukee, Wisconsin",864144,2464411000,"Midwest","Continental",70.94166667,13.79166667,10.04166667,41531,57681,257810,39.8,44.9,14.8,7,44.2,48.5,92.7,4.9,49.1,6357.9,19684.1,21862.9,9910.6,250759000,0.00344611359911309,2851.85223759003
"Minot, North Dakota",68989,157169565.916667,"Midwest","Continental",38.925,10.925,10.33333333,59621,67601,23480,47.8,32.6,12.8,37.1,49.7,13.9,63.6,5.1,22.7,2631.7,4253.8,2356.7,858.7,71000500,0.000971669213597087,2278.18298448545
"Monahans, Texas",7638,34455333.3333333,"South","Arid",27.34166667,27.09166667,30.88333333,46755,57137,2959,78.1,12.3,0,7.5,73,7.4,80.4,5.3,4.4,813.4,866.3,545.5,105.5,74828300,0.000102073680679636,4511.04128480405
"Montrose, Colorado",19019,95688363.5833333,"West","Arid",23.50833333,17.53333333,17.90833333,51594,56940,8715,67.3,19.2,4.2,49.1,37.3,9.5,46.8,5.2,22.7,1475.4,1864.6,1725.9,592.2,42371500,0.000448863032934874,5031.19846381688
"New York, New York",8537673,30550725000,"Northeast","Continental",106.725,17.275,12.45833333,55177,70314,3455117,9.1,42.8,47.8,10.8,37.8,50.9,88.7,4,63.461,11719.5,20152,59877.3,78515.5,764037000,0.0111744234899619,3578.34330267744
"Omaha, Nebraska",446970,2391360375.16667,"Midwest","Continental",65.375,16.26666667,12.3,61123,60306,196683,64.7,22.6,11.6,16.6,53.2,25.5,78.7,5.8,39.4,12952.3,38259.1,17499.3,10859.7,366099000,0.00122089926495292,5350.15856806199
"Orlando, Florida",427000,1678941898.88889,"South","Temperate",104.7666667,28.04166667,20.00833333,47571,45981,127869,32.6,45,22.3,42.8,48.4,6.3,54.7,4.7,9,40752.9,31226.2,17062.1,2987.3,1185820000,0.000360088377662714,3931.94824095759
"Page, Arizona",10470,59030833.3333333,"West","Arid",14.075,22.33333333,26.5,62923,41726,2714,46.3,14.1,0,35.9,66.1,0.7,66.8,4.4,2.6,1421.6,674.6,484.5,7.3,99296500,0.000105441782943004,5638.0929640242
"Peoria, Arizona",163664,787369136.45,"West","Arid",21.325,29.35,37.93333333,74512,45961,64862,74.5,13.5,6.3,71.2,30.1,0.4,30.5,5.8,5.8,3804.8,5413.5,4656.4,818.2,409228000,0.000399933533384812,4810.88777281504
"Philadelphia, Pennsylvania",1574765,3992955461,"Northeast","Continental",99.91666667,17.975,13.15833333,45619,62817,679876,8,79.7,12,7,37.4,54.7,92.1,5.6,51.3,11166,12665,29033.4,24805.4,368900000,0.00426881268636487,2535.58814235775
"Phoenix, Arizona",1568308,7426804234.66667,"West","Arid",18.4,29.53333333,38.01666667,56269,41726,608384,61.2,24.9,10.5,35.6,59.1,4.9,64,5.1,29.1,26055.8,73059.9,82993.6,22693.5,1405880000,0.00111553475403306,4735.5520947841
"Pierre, South Dakota",13969,51072006.3333333,"Midwest","Continental",39.11666667,15,13.96666667,71065,52750,6426,56.5,24.5,10,25.6,61.4,16.2,77.6,5.5,24.2,1844.6,1375.5,1398.9,580.2,33851400,0.000412656492789072,3656.09609373136
"Pikeville, Kentucky",48286,71044487.5,"South","Temperate",93.70833333,20.18333333,15.275,54665,40932,3381,49.2,33,12,29.3,56.9,13.3,70.2,5.2,9.3,947.1,1124.5,906,291.2,56534200,0.000854102472485681,1471.32683386489
"Plainview, Texas",20859,80316166.6666667,"South","Arid",41.36666667,22.31666667,21.44166667,42644,57137,8315,77,16.6,3,7.6,67.6,22,89.6,5.1,22.2,1279.3,2794.7,782.3,429.5,35725100,0.000583875202588656,3850.43226744651
"Pocatello, Idaho",54746,282995500,"West","Continental",27.84166667,15.65833333,16.61666667,52778,28218,22751,63.4,25.4,4,20.9,55.3,23.6,78.9,6,22.5,3273.3,3810.9,4070.3,666.7,84777700,0.000645759439097782,5169.24524166149
"Ponca City, Oklahoma",24489,189724029,"South","Temperate",77.1,21.5,17.79166667,51275,48345,11573,81.3,12.1,3.7,6,64.6,25.7,90.3,5.4,20.7,2040.7,3618.8,1146.6,502,50797700,0.000482088755986984,7747.31630527992
"Poplar Bluff, Missouri",17144,52526416.6666667,"Midwest","Temperate",104.8,20.475,14.4,38139,44837,8351,75.7,19.1,3.6,21.6,60.8,16.9,77.7,5.3,19.1,2664.5,1746.6,891.9,281.3,33934400,0.000505210052336272,3063.83671644113
"Portland, Maine",164400,549535591,"Northeast","Continental",99.55,11.84166667,6.841666667,63239,51761,33785,36.7,48.9,14.2,11.6,33.2,54.3,87.5,4.9,15.6,16300.4,14598.9,7064.5,4045.4,372217000,0.000441677838465196,3342.67391119221
"Portland, Oregon",606979,2901806636.08333,"West","Temperate",92.99166667,17.20833333,11.30833333,63126,62715,277499,55.7,24.4,18.3,22,38.2,38.8,77,5,43.4,6415.3,22481.5,26946.1,15291.9,372088000,0.00163127808475414,4780.73646054202
"Pueblo, Colorado",110652,689843083.333333,"West","Arid",25.95,20.575,21.625,43678,26746,48382,71.5,16.6,8.7,19.3,55.2,26.1,81.3,5.3,28.9,3032.1,8697.6,8900.7,3086.2,163790000,0.000675572379266134,6234.34807625107
"Rochester, Minnesota",113180,355450383.541667,"Midwest","Continental",71.70833333,12.45,9.133333333,76906,50045,47656,60.9,24.2,12.8,38.5,49.4,11.7,61.1,6.2,23.2,7539.8,7992.4,4984,2009.2,143769000,0.000787235078493973,3140.57592809389
"Rochester, New York",745000,1485753750,"Northeast","Continental",73.51666667,14.1,9.85,35986,50045,99032,44.8,41.7,13.1,4.8,30.4,63.5,93.9,5.2,44.3,3586.5,6703.1,7288.6,3506.4,96198500,0.00774440349901506,1994.30033557047
"Rock Springs, Wyoming",20671,119566603.198333,"West","Arid",19.48333333,14.025,15.25833333,78487,65239,10626,61.6,19.1,5.6,33.4,52.7,17.3,70,5.4,20.9,1471.2,1848,2086.4,444.6,50104700,0.000412556107510872,5784.26796953865
"Rockford, Illinois",147651,449844395,"Midwest","Continental",75.26666667,14.55,10.58333333,47981,37775,66321,61,30.6,7.7,14.2,53.9,30.8,84.7,5.4,35,6460,13693.9,8749.1,4126.5,169711000,0.000870014318459027,3046.67354098516
"Safford, Arizona",23748,88377941.6666667,"West","Arid",20.49166667,27.16666667,33.08333333,49725,41726,4036,71,14,4.8,34.6,57.3,12.7,70,5.5,6,2205,2873.9,912.5,212.3,131127000,0.000181106865862866,3721.48987984953
"Salina, Kansas",49157,166653583.333333,"Midwest","Continental",63.44166667,19.65,16.86666667,54491,50949,21183,74.2,19.9,2.7,18.3,58.2,23.8,82,5.7,0.6,7650.1,1193.9,222.7,57.6,708857000,6.93468499288291e-05,3390.23096066345
"Salt Lake City, Utah",343850,2050674849.66667,"West","Continental",39.84166667,17.45833333,18.26666667,56546,61176,83676,47.8,30.1,21.3,13.8,44.3,40.1,84.4,4.8,40.5,8257.1,21379.4,17405.5,11831.2,303115000,0.00113438793857117,5963.86462023169
"San Angelo, Texas",100700,292045083.333333,"South","Temperate",48.05833333,25.65833333,24.675,51862,39202,40849,70.1,15.5,11.1,21.2,67.6,11.5,79.1,5.2,29.9,7728,6108.4,4910.5,2843.1,111610000,0.000902248902428098,2900.14978483946
"San Diego, California",1374812,4466666666.66667,"West","Arid",23.425,23.05,16.20833333,75864,59581,533973,45.1,35.1,18.5,22.4,64.7,11.2,75.9,4.6,32.1,28231.5,30478.5,65001.8,22476.2,963353000,0.00142711134962989,3248.92906569529
"San Francisco, California",2670000,3419946502.5,"West","Temperate",56.225,18.175,9.758333333,85778,87536,390376,20,53.3,26.6,12.4,29.5,57.4,86.9,4.1,12.6,3301.1,3314.4,11122.7,11028.7,600592000,0.00444561366118763,1280.87883988764
"Santa Barbara, California",93881,236568775.666667,"West","Temperate",39.58333333,21.88333333,14.00833333,74597,50574,39012,47.9,39.3,11.9,10.3,60.4,27.9,88.3,4.4,23.3,3932.1,3330.4,2443.6,117.6,53022000,0.00177060465467165,2519.87916262787
"Santa Maria, California",104567,286522397.333333,"West","Temperate",29.76666667,20.95833333,13.00833333,50952,50574,28887,59.7,29.1,5.5,31.7,61.7,6.5,68.2,4.9,32.3,1812.9,3475,4027.9,407.4,53305000,0.0019616733889879,2740.08432233241
"Santa Rosa, California",175738,425430833.333333,"West","Temperate",66.75833333,21.75833333,15.08333333,70761,48051,67537,58.9,27.8,9.8,26.9,61.6,10.8,72.4,5,33.4,6935.7,6887.7,8492.3,1592,117901000,0.00149055563566043,2420.82437112823
"Sherman, Texas",40112,258905322.416667,"South","Temperate",89.83333333,23.30833333,18.05,48274,29956,16617,68.4,22.4,7,29.6,58.5,14.4,72.9,5.3,8,4924.1,3609,1913.1,1301.6,196502000,0.000204130237860174,6454.56029160019
"Sioux Falls, South Dakota",173300,579668708.666667,"Midwest","Continental",55.63333333,13.58333333,10.86666667,64353,62045,73214,56.9,24.7,14.7,44.3,42.5,13.5,56,5.7,26.1,11997.3,10160.8,8380.9,3895.6,203457000,0.000851777033967865,3344.88579726871
"Spearfish, South Dakota",11531,34832583.3333333,"Midwest","Continental",47.73333333,14.8,14.2,60327,52750,5413,43.9,35.8,11.5,43.2,44.7,13.3,58,4.8,10.4,1574.1,1466.3,529.9,136.7,42641700,0.00027041604814067,3020.77732489232
"Spokane, Washington",212078,1477295392.3,"West","Continental",34.45833333,15.44166667,14,51934,38681,97235,65.7,20,12.7,19.8,42.6,37.7,80.3,5.6,36.2,4881.6,13924.6,13300.7,2781.6,180014000,0.00117811947959603,6965.81159903432
"Springfield, Ohio",58902,184715608,"Midwest","Continental",84.825,16.375,11.01666667,41954,42121,28541,65.3,28,6.2,9.8,41.8,49.6,91.4,5.4,28.6,4549.5,5352.8,2630.5,1013.1,66692000,0.000883194386133269,3135.98193609725
"St. Peters, Missouri",47863,153966008.333333,"Midwest","Continental",89.23333333,18.675,13.61666667,81731,44837,23118,71.6,23.5,2.9,42.1,56.9,1.2,58.1,6.1,31.8,2274.8,3993.7,2959.3,1167,57445000,0.000833196971015754,3216.80647542639
"Steamboat Springs, Colorado",12084,30413666.6666667,"West","Continental",54.2,12.78333333,13.175,78865,56940,9868,27.1,45.6,22.2,59.1,45.7,4.4,50.1,4.1,15.4,989.6,1067.1,568.7,196.1,25645000,0.000471202963540651,2516.85424252455
"Tacoma, Washington",329009,1535992155.25,"West","Temperate",87.61666667,15.55,9.125,58870,78170,89453,62.2,24.1,13.3,20,44.4,34.9,79.3,5.2,33.9,9924.7,19297.8,17630.3,7818.5,308855000,0.00106525392174321,4668.54145403317
"Thomasville, Georgia",18501,147325339.916667,"South","Temperate",112.075,25.825,18.41666667,43098,48029,9051,71.7,25.9,1.4,25.5,50.6,19.9,70.5,5.4,18.5,3071.3,1669.2,826.3,538.4,39220300,0.000471720002141748,7963.1014494712
"Tucson, Arizona",673011,2714305386.58333,"West","Arid",23.89166667,28.36666667,35.3,47348,32472,236808,53.4,27.5,12.5,26.2,64.2,8.1,72.3,4.7,19.2,28146.5,57044.3,30644.5,7217.6,1013990000,0.000663725480527421,4033.07729975191
"Tyler, Texas",101946,643126333.333333,"South","Temperate",97.91666667,24.66666667,18.91666667,54547,65015,42127,63,27.8,7.3,29.5,57.6,9.8,67.4,5.2,26.6,7704.8,17698.6,8520.1,4072.1,242824000,0.000419834942180345,6308.49992479679
"Vacaville, California",95607,343659187.666667,"West","Temperate",52.33333333,23.81666667,21.60833333,82586,63635,33812,71.1,20,5.3,33.2,64.8,1.9,66.7,5.8,31.5,2065.8,2426.2,5576.7,1458.9,75751300,0.00126211695376845,3594.49818179283
"Vancouver, Washington",247290,709911543.466667,"West","Temperate",93.69166667,16.89166667,11.24166667,56658,62715,71670,53.1,32.4,12,40.4,48.3,9.8,58.1,5,39.7,3655,13970.2,13731,4466.1,183475000,0.00134781305354953,2870.76526938682
"Vernal, Utah",10681,55706500,"West","Arid",19.7,15.91666667,17.05833333,57092,48111,4439,50,36.1,3.5,34.7,56.8,6.4,63.2,5.1,31.1,391.8,1082.4,570.8,175,11987100,0.000891041202626156,5215.47607901882
"Watertown, New York",25709,83928903.6666667,"Northeast","Continental",89.03333333,12.91666667,8.758333333,46718,46412,13162,42.1,46.1,10.7,6.7,33.9,58.4,92.3,5.3,32.4,897.1,1387.7,1509.9,490.1,24313500,0.00105739609681864,3264.57286034722
"Wichita Falls, Texas",140000,476230656,"South","Continental",62.44166667,24.425,22.65,50819,41032,43224,69.3,22.7,4.6,19.8,62.2,17,79.2,5.2,4,22335.6,15116.6,9015.1,3969.9,1577050000,8.87733426333978e-05,3401.64754285714
"Wichita, Kansas",469908,1340784271.91667,"Midwest","Temperate",72.26666667,19.85,16.31666667,57963,46583,169732,68.5,21.4,7.1,25.2,55.5,18.8,74.3,5.6,12.9,20926,48564.6,18160.8,8403.2,1193750000,0.000393640209424084,2853.29100997784
"Winston-Salem, North Carolina",238474,944532344.883333,"South","Temperate",93.39166667,20.8,15.63333333,53364,37311,106239,61.9,29.5,6.2,29.7,57.6,12.8,70.4,5.3,11.1,59163,25231.4,10168.1,4392.7,840641000,0.000283681143318016,3960.73511109527
